INSERT INTO CUSTOMER(CUSTOMER_ID,CUSTOMER_NAME) values (100,'Meeta');
INSERT INTO CUSTOMER(CUSTOMER_ID,CUSTOMER_NAME) values (101,'Infogain');
INSERT INTO CUSTOMER(CUSTOMER_ID,CUSTOMER_NAME) values (102,'Technogen');


INSERT INTO REWARD_TRANSACTION(TRANSACTION_ID,CUSTOMER_ID,TRANSACTION_DATE,AMOUNT) VALUES (11111,100,'2021-08-10',200);
INSERT INTO REWARD_TRANSACTION(TRANSACTION_ID,CUSTOMER_ID,TRANSACTION_DATE,AMOUNT) VALUES (11112,100,'2021-07-11',500);
INSERT INTO REWARD_TRANSACTION(TRANSACTION_ID,CUSTOMER_ID,TRANSACTION_DATE,AMOUNT) VALUES (11113,100,'2021-08-09',1000);
INSERT INTO REWARD_TRANSACTION(TRANSACTION_ID,CUSTOMER_ID,TRANSACTION_DATE,AMOUNT) VALUES (11114,100,'2021-08-01',300);
INSERT INTO REWARD_TRANSACTION(TRANSACTION_ID,CUSTOMER_ID,TRANSACTION_DATE,AMOUNT) VALUES (11115,100,'2021-06-08',300);
INSERT INTO REWARD_TRANSACTION(TRANSACTION_ID,CUSTOMER_ID,TRANSACTION_DATE,AMOUNT) VALUES (11116,100,'2021-06-03',100);
INSERT INTO REWARD_TRANSACTION(TRANSACTION_ID,CUSTOMER_ID,TRANSACTION_DATE,AMOUNT) VALUES (11117,101,'2021-06-01',200);
INSERT INTO REWARD_TRANSACTION(TRANSACTION_ID,CUSTOMER_ID,TRANSACTION_DATE,AMOUNT) VALUES (11118,101,'2021-07-30',500);
INSERT INTO REWARD_TRANSACTION(TRANSACTION_ID,CUSTOMER_ID,TRANSACTION_DATE,AMOUNT) VALUES (11119,101,'2021-08-10',200);
INSERT INTO REWARD_TRANSACTION(TRANSACTION_ID,CUSTOMER_ID,TRANSACTION_DATE,AMOUNT) VALUES (11120,101,'2021-06-01',1000);
INSERT INTO REWARD_TRANSACTION(TRANSACTION_ID,CUSTOMER_ID,TRANSACTION_DATE,AMOUNT) VALUES (11121,101,'2021-07-08',700);
INSERT INTO REWARD_TRANSACTION(TRANSACTION_ID,CUSTOMER_ID,TRANSACTION_DATE,AMOUNT) VALUES (11122,101,'2021-07-12',600);
INSERT INTO REWARD_TRANSACTION(TRANSACTION_ID,CUSTOMER_ID,TRANSACTION_DATE,AMOUNT) VALUES (11123,101,'2021-08-18',800);
INSERT INTO REWARD_TRANSACTION(TRANSACTION_ID,CUSTOMER_ID,TRANSACTION_DATE,AMOUNT) VALUES (11124,102,'2021-08-15',400);
INSERT INTO REWARD_TRANSACTION(TRANSACTION_ID,CUSTOMER_ID,TRANSACTION_DATE,AMOUNT) VALUES (11125,102,'2021-08-17',200);
INSERT INTO REWARD_TRANSACTION(TRANSACTION_ID,CUSTOMER_ID,TRANSACTION_DATE,AMOUNT) VALUES (11126,102,'2021-07-21',300);
INSERT INTO REWARD_TRANSACTION(TRANSACTION_ID,CUSTOMER_ID,TRANSACTION_DATE,AMOUNT) VALUES (11127,102,'2021-06-22',500);
INSERT INTO REWARD_TRANSACTION(TRANSACTION_ID,CUSTOMER_ID,TRANSACTION_DATE,AMOUNT) VALUES (11128,102,'2021-07-25',900);
INSERT INTO REWARD_TRANSACTION(TRANSACTION_ID,CUSTOMER_ID,TRANSACTION_DATE,AMOUNT) VALUES (11129,102,'2021-08-26',1000);


INSERT INTO SECURITY_USER(ID,USERNAME,ROLE,PASSWORD) VALUES (1001,'MEETA','ROLE_ADMIN','222222');
INSERT INTO SECURITY_USER(ID,USERNAME,ROLE,PASSWORD) VALUES (1002,'Infogain','ROLE_ADMIN','222222');
INSERT INTO SECURITY_USER(ID,USERNAME,ROLE,PASSWORD) VALUES (1003,'Technogen','ROLE_ADMIN','222222');


COMMIT;